"tema","idGuest","convidado","total"
"",274,"Tucano",14
"",3515,"JP",9
"",2595,"Eduardo Spohr",8
"",3244,"Bluehand",7
"",1212122795,"Affonso Solano",6
"",1212122796,"Beto Estrada",4
"",1212122797,"Diogo Braga",4
"",309,"Nick Ellis",4
"",326,"Guilherme Briggs",3
"",1212122846,"Jonny Ken",3
"",1212122465,"Afonso 3d",2
"",1212123573,"Amigo Imaginário",2
"",1212122862,"Atila",2
"",1212123579,"Bia Kunze",2
"",1212122463,"Cardoso",2
"",313,"Cris Dias",2
"",3508,"Guga Ferrari",2
"",5034,"Jurandir Filho",2
"",2002,"Portuguesa",2
"",1212122464,"Sr.K",2
"",1212123648,"Alexandre Inagaki",1
"",3662,"Android",1
"",1212123847,"André Souza",1
"",1212123564,"Caio Gomes",1
"",1212122462,"Carlos Voltor",1
"",1212123529,"Cauê Moura",1
"",1212123334,"Edney Souza",1
"",1212125499,"Gabriel Dread",1
"",1212122317,"Gaveta",1
"",1212140265,"Katiucha Barcelos",1
"",1212122669,"Leonel Caldela",1
"",1212130384,"Lucas Radaelli",1
"",1212125950,"Marcela Versiani",1
"",1212123033,"Marcelo Forlani",1
"",4877,"Marco Gomes",1
"",1212126369,"Mauricio Cid",1
"",1212140216,"Monark",1
"",1212123647,"Rogério Bonfim",1
"",2003,"Sra. Jovem Nerd",1
"",1212126050,"Sérgio Sacani",1
"",1212140217,"Vinícios Duarte",1
"",1212143686,"guga",1
"Animação",1212139351,"Pri Ganiko",5
"Animação",274,"Tucano",5
"Animação",3641,"Almôndega",3
"Animação",1212123575,"Anderson Argentoni",3
"Animação",1212141954,"Camila Sousa",3
"Animação",1212122462,"Carlos Voltor",3
"Animação",1212142083,"Gabriel dos Anjos",3
"Animação",1212141845,"Pedro Duarte",3
"Animação",1212142082,"Priscila Queiroz",3
"Animação",1212123573,"Amigo Imaginário",2
"Animação",3508,"Guga Ferrari",2
"Animação",1212137936,"Marcelo Bassoli",2
"Animação",1212141330,"Tayná Garcia",2
"Animação",3662,"Android",1
"Animação",1212122862,"Atila",1
"Animação",1212142100,"Diego Martinez",1
"Animação",3448,"Dubox",1
"Animação",2595,"Eduardo Spohr",1
"Animação",1212122799,"Fabio Yabu",1
"Animação",1212141859,"Gabriel Avila",1
"Animação",1212122317,"Gaveta",1
"Animação",3515,"JP",1
"Animação",1212123577,"Pollar",1
"Animação",1212123226,"Rex",1
"Animação",1212122464,"Sr.K",1
"Artes Marciais",1212139351,"Pri Ganiko",2
"Artes Marciais",1212141954,"Camila Sousa",1
"Artes Marciais",2595,"Eduardo Spohr",1
"Artes Marciais",1212141845,"Pedro Duarte",1
"Artes Marciais",1212122464,"Sr.K",1
"Artes Marciais",1212141330,"Tayná Garcia",1
"Artes Marciais",274,"Tucano",1
"Audio Drama",1212123564,"Caio Gomes",1
"Audio Drama",1212141954,"Camila Sousa",1
"Audio Drama",326,"Guilherme Briggs",1
"Audio Drama",1212122669,"Leonel Caldela",1
"Audio Drama",1212139351,"Pri Ganiko",1
"Audio Drama",1212141330,"Tayná Garcia",1
"Biografia",3515,"JP",4
"Biografia",1212124836,"Guga Mafra",3
"Biografia",309,"Nick Ellis",3
"Biografia",274,"Tucano",3
"Biografia",2595,"Eduardo Spohr",2
"Biografia",1212122799,"Fabio Yabu",2
"Biografia",3508,"Guga Ferrari",2
"Biografia",1212130385,"Paulo Silveira",2
"Biografia",1212141184,"Ale Santos",1
"Biografia",1212139640,"Américo Fazio",1
"Biografia",1212141185,"Andreza Delgado",1
"Biografia",1212137796,"André Breves",1
"Biografia",3244,"Bluehand",1
"Biografia",1212140392,"Bruno Hiago",1
"Biografia",1212123564,"Caio Gomes",1
"Biografia",1212141954,"Camila Sousa",1
"Biografia",1212122462,"Carlos Voltor",1
"Biografia",313,"Cris Dias",1
"Biografia",1212140284,"César Machado",1
"Biografia",1212142928,"Edgar Loja Quebra Galho",1
"Biografia",1212135105,"Fernando Reule",1
"Biografia",1212142927,"Flavia Marcon",1
"Biografia",1212126189,"Flávio Augusto",1
"Biografia",326,"Guilherme Briggs",1
"Biografia",1212122846,"Jonny Ken",1
"Biografia",1212141891,"Leandro Leite Soares",1
"Biografia",1212122952,"Leo Lopes",1
"Biografia",4877,"Marco Gomes",1
"Biografia",1212142902,"Maurício Duboc",1
"Biografia",1212131200,"Maurício Linhares",1
"Biografia",1212142611,"Michel Naslavsky",1
"Biografia",1212139351,"Pri Ganiko",1
"Biografia",1212140285,"Reinaldo José Lopes",1
"Biografia",1212123226,"Rex",1
"Biografia",1212141511,"Ricardo Alexandre",1
"Biografia",1212141282,"Ricardo di Lazzaro Filho",1
"Biografia",1212141330,"Tayná Garcia",1
"Biografia",1212142901,"Teo Scussel",1
"Biografia",1212142118,"Thedy Corrêa",1
"Biografia",1212141033,"Tiago Abravanel",1
"Cinema",1212122462,"Carlos Voltor",56
"Cinema",274,"Tucano",38
"Cinema",1212141954,"Camila Sousa",25
"Cinema",1212139351,"Pri Ganiko",25
"Cinema",3508,"Guga Ferrari",23
"Cinema",1212137936,"Marcelo Bassoli",22
"Cinema",1212123226,"Rex",20
"Cinema",1212140265,"Katiucha Barcelos",19
"Cinema",2595,"Eduardo Spohr",18
"Cinema",3515,"JP",17
"Cinema",1212122464,"Sr.K",13
"Cinema",1212122795,"Affonso Solano",10
"Cinema",1212141859,"Gabriel Avila",10
"Cinema",3662,"Android",9
"Cinema",1212122669,"Leonel Caldela",8
"Cinema",1212140172,"Max Valarezo",8
"Cinema",3244,"Bluehand",7
"Cinema",1212141330,"Tayná Garcia",7
"Cinema",1212123564,"Caio Gomes",6
"Cinema",1212123033,"Marcelo Forlani",6
"Cinema",1212141845,"Pedro Duarte",6
"Cinema",1212141393,"LOAD",5
"Cinema",1212123847,"André Souza",4
"Cinema",1212143191,"Arthur Eloi",4
"Cinema",1212122797,"Diogo Braga",4
"Cinema",326,"Guilherme Briggs",4
"Cinema",1212123573,"Amigo Imaginário",3
"Cinema",1212122862,"Atila",3
"Cinema",1212123502,"Borbs",3
"Cinema",1212122463,"Cardoso",3
"Cinema",1212122799,"Fabio Yabu",3
"Cinema",1212122317,"Gaveta",3
"Cinema",5035,"Maurício Saldanha",3
"Cinema",309,"Nick Ellis",3
"Cinema",2002,"Portuguesa",3
"Cinema",2003,"Sra. Jovem Nerd",3
"Cinema",1212141184,"Ale Santos",2
"Cinema",1212144179,"Alottoni",2
"Cinema",1212123575,"Anderson Argentoni",2
"Cinema",1212122796,"Beto Estrada",2
"Cinema",1212124836,"Guga Mafra",2
"Cinema",4877,"Marco Gomes",2
"Cinema",1212130385,"Paulo Silveira",2
"Cinema",1212138688,"Rossana Modolin",2
"Cinema",1212122465,"Afonso 3d",1
"Cinema",1212141924,"Alan Dubox",1
"Cinema",1212136729,"Alexander Stahlhoefer",1
"Cinema",1212123648,"Alexandre Inagaki",1
"Cinema",1212140884,"Aline Diniz",1
"Cinema",3641,"Almôndega",1
"Cinema",1212138572,"Altay Souza",1
"Cinema",1212129496,"Ana Arantes",1
"Cinema",1212138693,"Baunilha",1
"Cinema",3325,"Carlos Merigo",1
"Cinema",313,"Cris Dias",1
"Cinema",1212140683,"Daniel John Furuno",1
"Cinema",1212123334,"Edney Souza",1
"Cinema",1212126060,"Eduardo Sales",1
"Cinema",1212123576,"Gabriel Cruz",1
"Cinema",1212123034,"Gica Yabu",1
"Cinema",1212123574,"Henrique Granado",1
"Cinema",1212141847,"Ian SBF",1
"Cinema",5034,"Jurandir Filho",1
"Cinema",1212140266,"Juzão",1
"Cinema",1212138256,"Lierson Mattenhauer",1
"Cinema",1212139639,"Luquinhaz",1
"Cinema",1212130299,"Marina Val",1
"Cinema",1212130298,"Mau Faccio",1
"Cinema",1212131200,"Maurício Linhares",1
"Cinema",1212140883,"Michel Arouca",1
"Cinema",1212141293,"PH Santos",1
"Cinema",1212139590,"Pedro Paulo Silveira",1
"Cinema",1212142827,"Pedro Siqueira",1
"Cinema",1212123577,"Pollar",1
"Cinema",1212141431,"Renan Pizii",1
"Cinema",1212137416,"Roberto Sadovski",1
"Cinema",1212130386,"Sérgio Lopes",1
"Cinema",1212126050,"Sérgio Sacani",1
"Cinema",1212137415,"Talita Ribeiro",1
"Cinema",1212141618,"Thalita Lefer",1
"Cinema",1212141331,"Thiago Romariz",1
"Cinema",1212139216,"Vinícius Fuzikawa",1
"Cinema",1212138704,"Vinícius Schiavini",1
"Cinema",1212143471,"Vitor Rossi",1
"Ciências",1212122862,"Atila",48
"Ciências",1212123564,"Caio Gomes",32
"Ciências",1212123847,"André Souza",24
"Ciências",1212141282,"Ricardo di Lazzaro Filho",13
"Ciências",3244,"Bluehand",10
"Ciências",1212125942,"Pirula",8
"Ciências",1212123565,"Rafael Calsaverini",7
"Ciências",1212138572,"Altay Souza",6
"Ciências",1212122846,"Jonny Ken",6
"Ciências",274,"Tucano",6
"Ciências",1212129496,"Ana Arantes",5
"Ciências",1212130385,"Paulo Silveira",5
"Ciências",1212131200,"Maurício Linhares",4
"Ciências",1212137166,"Roberta Arcoverde",4
"Ciências",1212122462,"Carlos Voltor",3
"Ciências",2595,"Eduardo Spohr",3
"Ciências",1212125943,"Fábio Lugar",3
"Ciências",4877,"Marco Gomes",3
"Ciências",1212122463,"Cardoso",2
"Ciências",1212128349,"Irado",2
"Ciências",1212122464,"Sr.K",2
"Ciências",1212126050,"Sérgio Sacani",2
"Ciências",1212122795,"Affonso Solano",1
"Ciências",1212142348,"Airton Carvalho",1
"Ciências",1212138289,"Aline Carvalho",1
"Ciências",1212141605,"Amanda Atanes Buss",1
"Ciências",1212144399,"Ana Bonassa",1
"Ciências",1212141512,"Antonio Sérgio Kimus Braz",1
"Ciências",1212142245,"Ariana Rocha",1
"Ciências",1212129333,"Camila",1
"Ciências",1212142844,"Catarina Aydar",1
"Ciências",1212141768,"Cibele Fabichak",1
"Ciências",1212126308,"David Preti",1
"Ciências",1212130173,"Dexter",1
"Ciências",1212141606,"Débora Atanes",1
"Ciências",1212142372,"Ernesto Goulart",1
"Ciências",1212122799,"Fabio Yabu",1
"Ciências",1212135105,"Fernando Reule",1
"Ciências",1212143255,"Flávia Beó",1
"Ciências",1212144687,"Gabriela Bailas",1
"Ciências",1212138174,"Guilherme Novaes",1
"Ciências",1212133869,"Guilherme Silveira",1
"Ciências",1212142349,"Gustavo Rebello",1
"Ciências",1212140979,"Igor Santos",1
"Ciências",1212130174,"Inaldo",1
"Ciências",1212124762,"Izzy Nobre",1
"Ciências",1212143348,"Julio Cesar Batista",1
"Ciências",1212144295,"Laura Marise",1
"Ciências",1212141846,"Marcelo Alves Mori",1
"Ciências",1212126341,"Marcos Castro",1
"Ciências",1212128722,"Marcos Pontes",1
"Ciências",1212141781,"Mario Souto",1
"Ciências",1212142902,"Maurício Duboc",1
"Ciências",1212142611,"Michel Naslavsky",1
"Ciências",1212140606,"Mila Laranjeira",1
"Ciências",1212143254,"Murilo Zanini de Carvalho",1
"Ciências",1212141689,"Otto Heringer",1
"Ciências",1212126598,"Paloma",1
"Ciências",1212139440,"Patrícia Mafra",1
"Ciências",1212141845,"Pedro Duarte",1
"Ciências",1212139351,"Pri Ganiko",1
"Ciências",1212143434,"Rafael Vicente Leite",1
"Ciências",1212140285,"Reinaldo José Lopes",1
"Ciências",1212143100,"Renatha El Rafihi-Ferreira",1
"Ciências",1212141769,"Rita Wu",1
"Ciências",1212143005,"Rodrigo Trespach",1
"Ciências",1212126641,"Sandro Magaldi",1
"Ciências",1212143006,"Tawany Rocha",1
"Ciências",1212142901,"Teo Scussel",1
"Ciências",1212142845,"Thiago Gonçalves",1
"Ciências",1212141842,"Tina Menna",1
"Ciências",1212140607,"Vivi",1
"Ciências",1212142607,"Viviane Bellini",1
"Ciências",1212142893,"Yaso",1
"Comportamento",1212141723,"Mary Joe",50
"Comportamento",1212130298,"Mau Faccio",48
"Comportamento",1212143471,"Vitor Rossi",47
"Comportamento",1212122464,"Sr.K",22
"Comportamento",2002,"Portuguesa",19
"Comportamento",274,"Tucano",19
"Comportamento",3515,"JP",15
"Comportamento",1212129496,"Ana Arantes",14
"Comportamento",1212123847,"André Souza",14
"Comportamento",2003,"Sra. Jovem Nerd",13
"Comportamento",1212122797,"Diogo Braga",12
"Comportamento",1212122795,"Affonso Solano",11
"Comportamento",1212122465,"Afonso 3d",9
"Comportamento",1212122862,"Atila",7
"Comportamento",2595,"Eduardo Spohr",6
"Comportamento",3508,"Guga Ferrari",6
"Comportamento",1212141891,"Leandro Leite Soares",6
"Comportamento",1212139440,"Patrícia Mafra",6
"Comportamento",1212138572,"Altay Souza",5
"Comportamento",3244,"Bluehand",5
"Comportamento",1212141820,"Daniella Freixo de Faria",5
"Comportamento",1212126189,"Flávio Augusto",5
"Comportamento",1212131200,"Maurício Linhares",5
"Comportamento",1212123226,"Rex",5
"Comportamento",1212141924,"Alan Dubox",4
"Comportamento",1212122317,"Gaveta",4
"Comportamento",1212128349,"Irado",4
"Comportamento",1212141894,"Marcela Soares",4
"Comportamento",1212130385,"Paulo Silveira",4
"Comportamento",1212141282,"Ricardo di Lazzaro Filho",4
"Comportamento",1212122796,"Beto Estrada",3
"Comportamento",1212123564,"Caio Gomes",3
"Comportamento",1212122799,"Fabio Yabu",3
"Comportamento",1212122798,"Francine Gladulich",3
"Comportamento",1212124836,"Guga Mafra",3
"Comportamento",1212138256,"Lierson Mattenhauer",3
"Comportamento",1212141781,"Mario Souto",3
"Comportamento",1212141845,"Pedro Duarte",3
"Comportamento",1212139351,"Pri Ganiko",3
"Comportamento",1212137415,"Talita Ribeiro",3
"Comportamento",1212142159,"Tati Baez",3
"Comportamento",3641,"Almôndega",2
"Comportamento",1212123573,"Amigo Imaginário",2
"Comportamento",1212137030,"Carlinhos Troll",2
"Comportamento",1212122462,"Carlos Voltor",2
"Comportamento",1212143219,"Fernanda Costa",2
"Comportamento",1212142293,"Iana Villela",2
"Comportamento",1212143563,"Isabela Del Monde",2
"Comportamento",1212130384,"Lucas Radaelli",2
"Comportamento",4877,"Marco Gomes",2
"Comportamento",1212142435,"Patricia Zarour",2
"Comportamento",1212142073,"Rafael Quina",2
"Comportamento",1212137166,"Roberta Arcoverde",2
"Comportamento",1212144049,"Tatiana Perecin",2
"Comportamento",1212141330,"Tayná Garcia",2
"Comportamento",1212143962,"Thiago Queiroz",2
"Comportamento",1212141244,"Ale Ferreira",1
"Comportamento",1212143792,"Alexandre Nogueira",1
"Comportamento",1212144399,"Ana Bonassa",1
"Comportamento",1212142254,"Ane Vaz",1
"Comportamento",1212144200,"Augusto Quaresma Coellho",1
"Comportamento",1212141954,"Camila Sousa",1
"Comportamento",1212142585,"Carla Rigonatto",1
"Comportamento",1212143391,"Carla Zeglio",1
"Comportamento",1212142478,"Carlos Lazar",1
"Comportamento",1212142131,"Carolina Andrade",1
"Comportamento",1212141446,"Carolina Moraes",1
"Comportamento",1212142586,"Dafne Parreiras Guimarães",1
"Comportamento",1212135982,"Daniel Jezini",1
"Comportamento",1212143522,"Daniela Risso",1
"Comportamento",1212126308,"David Preti",1
"Comportamento",1212144226,"Doug Lira",1
"Comportamento",1212143160,"Dra. Abir Faissal",1
"Comportamento",1212142928,"Edgar Loja Quebra Galho",1
"Comportamento",1212141444,"El Baramallo",1
"Comportamento",1212144199,"Elisa Coelho",1
"Comportamento",1212142372,"Ernesto Goulart",1
"Comportamento",1212143707,"Fernanda Britto",1
"Comportamento",1212142450,"Fernando Bravo",1
"Comportamento",1212135105,"Fernando Reule",1
"Comportamento",1212142927,"Flavia Marcon",1
"Comportamento",1212125499,"Gabriel Dread",1
"Comportamento",1212123034,"Gica Yabu",1
"Comportamento",1212137575,"Gilmar Lopes",1
"Comportamento",1212144184,"Guilherme Baldi",1
"Comportamento",1212144258,"Gus Arruda",1
"Comportamento",1212142811,"Henrique Coronati",1
"Comportamento",1212124762,"Izzy Nobre",1
"Comportamento",1212143151,"Joel Jota",1
"Comportamento",1212143808,"John Gojeth",1
"Comportamento",1212122846,"Jonny Ken",1
"Comportamento",1212143348,"Julio Cesar Batista",1
"Comportamento",1212142810,"Julio Trajano Rodrigues",1
"Comportamento",1212140265,"Katiucha Barcelos",1
"Comportamento",1212125928,"Ken Fujioka",1
"Comportamento",1212144295,"Laura Marise",1
"Comportamento",1212142449,"Leandro Castanheira",1
"Comportamento",1212138478,"Leila",1
"Comportamento",1212144630,"Leonardo Amaral",1
"Comportamento",1212142463,"Lua",1
"Comportamento",1212144436,"Luiz Felippe Fogaça",1
"Comportamento",1212142281,"Maiko Arpino",1
"Comportamento",1212125950,"Marcela Versiani",1
"Comportamento",1212141895,"Marina Freire",1
"Comportamento",1212144062,"Marina de Paula Vilela",1
"Comportamento",1212143066,"Mauro Fantini",1
"Comportamento",1212142902,"Maurício Duboc",1
"Comportamento",1212144061,"Maximiliano Jacomo",1
"Comportamento",1212142611,"Michel Naslavsky",1
"Comportamento",1212142033,"Nicolas Borsoi",1
"Comportamento",1212141465,"Pamela Lopes",1
"Comportamento",1212139590,"Pedro Paulo Silveira",1
"Comportamento",1212141987,"Peter",1
"Comportamento",1212125498,"Pierre Schurmann",1
"Comportamento",1212144269,"Rafael Pimenta",1
"Comportamento",1212143100,"Renatha El Rafihi-Ferreira",1
"Comportamento",1212144671,"Ricardo Rocha",1
"Comportamento",1212143005,"Rodrigo Trespach",1
"Comportamento",1212123647,"Rogério Bonfim",1
"Comportamento",1212143006,"Tawany Rocha",1
"Comportamento",1212142901,"Teo Scussel",1
"Comportamento",1212141331,"Thiago Romariz",1
"Comportamento",1212141033,"Tiago Abravanel",1
"Comportamento",1212144060,"Tiago Zaidan",1
"Comportamento",1212141842,"Tina Menna",1
"Comportamento",1212142607,"Viviane Bellini",1
"Comportamento",1212142893,"Yaso",1
"Cotidiano",1212122464,"Sr.K",41
"Cotidiano",274,"Tucano",36
"Cotidiano",2002,"Portuguesa",23
"Cotidiano",3515,"JP",19
"Cotidiano",1212141723,"Mary Joe",19
"Cotidiano",1212141845,"Pedro Duarte",15
"Cotidiano",2003,"Sra. Jovem Nerd",12
"Cotidiano",1212138478,"Leila",9
"Cotidiano",1212124836,"Guga Mafra",7
"Cotidiano",1212140265,"Katiucha Barcelos",7
"Cotidiano",1212138256,"Lierson Mattenhauer",7
"Cotidiano",1212122798,"Francine Gladulich",6
"Cotidiano",1212139351,"Pri Ganiko",6
"Cotidiano",1212122795,"Affonso Solano",5
"Cotidiano",1212141954,"Camila Sousa",5
"Cotidiano",1212137030,"Carlinhos Troll",5
"Cotidiano",1212142131,"Carolina Andrade",5
"Cotidiano",1212141820,"Daniella Freixo de Faria",5
"Cotidiano",1212122797,"Diogo Braga",5
"Cotidiano",1212130298,"Mau Faccio",5
"Cotidiano",1212131200,"Maurício Linhares",5
"Cotidiano",1212122465,"Afonso 3d",4
"Cotidiano",1212141924,"Alan Dubox",4
"Cotidiano",1212141887,"Azaghal",4
"Cotidiano",1212122796,"Beto Estrada",4
"Cotidiano",2595,"Eduardo Spohr",4
"Cotidiano",1212141891,"Leandro Leite Soares",4
"Cotidiano",1212139440,"Patrícia Mafra",4
"Cotidiano",1212130385,"Paulo Silveira",4
"Cotidiano",1212123847,"André Souza",3
"Cotidiano",1212122862,"Atila",3
"Cotidiano",1212122799,"Fabio Yabu",3
"Cotidiano",1212142053,"Jovem Nerd",3
"Cotidiano",1212137166,"Roberta Arcoverde",3
"Cotidiano",1212138688,"Rossana Modolin",3
"Cotidiano",1212143471,"Vitor Rossi",3
"Cotidiano",3641,"Almôndega",2
"Cotidiano",1212126483,"Barbara Russell",2
"Cotidiano",1212123564,"Caio Gomes",2
"Cotidiano",1212135105,"Fernando Reule",2
"Cotidiano",1212126189,"Flávio Augusto",2
"Cotidiano",1212122317,"Gaveta",2
"Cotidiano",3508,"Guga Ferrari",2
"Cotidiano",1212141781,"Mario Souto",2
"Cotidiano",1212141785,"Priscila Gama",2
"Cotidiano",1212142073,"Rafael Quina",2
"Cotidiano",1212123226,"Rex",2
"Cotidiano",1212141282,"Ricardo di Lazzaro Filho",2
"Cotidiano",1212137415,"Talita Ribeiro",2
"Cotidiano",1212141330,"Tayná Garcia",2
"Cotidiano",1212141842,"Tina Menna",2
"Cotidiano",1212136778,"Adriano Paciello",1
"Cotidiano",1212142348,"Airton Carvalho",1
"Cotidiano",1212138572,"Altay Souza",1
"Cotidiano",1212123573,"Amigo Imaginário",1
"Cotidiano",1212129496,"Ana Arantes",1
"Cotidiano",1212139900,"André Ferreira",1
"Cotidiano",1212142230,"Barbara Pola Russell",1
"Cotidiano",3244,"Bluehand",1
"Cotidiano",1212142585,"Carla Rigonatto",1
"Cotidiano",1212143391,"Carla Zeglio",1
"Cotidiano",1212142478,"Carlos Lazar",1
"Cotidiano",1212122462,"Carlos Voltor",1
"Cotidiano",1212123529,"Cauê Moura",1
"Cotidiano",1212142586,"Dafne Parreiras Guimarães",1
"Cotidiano",1212143160,"Dra. Abir Faissal",1
"Cotidiano",1212142928,"Edgar Loja Quebra Galho",1
"Cotidiano",1212141736,"Eduardo Galanternick",1
"Cotidiano",1212139552,"Emilio Dantas",1
"Cotidiano",1212142372,"Ernesto Goulart",1
"Cotidiano",1212143219,"Fernanda Costa",1
"Cotidiano",1212142450,"Fernando Bravo",1
"Cotidiano",1212142229,"Fernando Russell",1
"Cotidiano",1212127694,"Filipe Figueiredo",1
"Cotidiano",1212142130,"Flavia Calina",1
"Cotidiano",1212141260,"Flavia Luz",1
"Cotidiano",1212142927,"Flavia Marcon",1
"Cotidiano",1212141859,"Gabriel Avila",1
"Cotidiano",326,"Guilherme Briggs",1
"Cotidiano",1212142349,"Gustavo Rebello",1
"Cotidiano",1212142811,"Henrique Coronati",1
"Cotidiano",1212141404,"Iberê",1
"Cotidiano",1212143098,"Igor Savoia",1
"Cotidiano",1212143808,"John Gojeth",1
"Cotidiano",1212141812,"João Victor Guilherme",1
"Cotidiano",1212144744,"Julia Naara Bachmann",1
"Cotidiano",1212142810,"Julio Trajano Rodrigues",1
"Cotidiano",1212144295,"Laura Marise",1
"Cotidiano",1212142449,"Leandro Castanheira",1
"Cotidiano",1212142463,"Lua",1
"Cotidiano",1212142010,"Lucas Inutilismo",1
"Cotidiano",1212130384,"Lucas Radaelli",1
"Cotidiano",1212141968,"Lucas de Carli",1
"Cotidiano",1212141549,"Luciano Inada",1
"Cotidiano",1212141894,"Marcela Soares",1
"Cotidiano",4877,"Marco Gomes",1
"Cotidiano",1212126369,"Mauricio Cid",1
"Cotidiano",1212136384,"Mauricio Taborda",1
"Cotidiano",1212142902,"Maurício Duboc",1
"Cotidiano",1212142611,"Michel Naslavsky",1
"Cotidiano",1212138681,"Naka Morrison",1
"Cotidiano",1212142033,"Nicolas Borsoi",1
"Cotidiano",1212142435,"Patricia Zarour",1
"Cotidiano",1212139590,"Pedro Paulo Silveira",1
"Cotidiano",1212141987,"Peter",1
"Cotidiano",1212125942,"Pirula",1
"Cotidiano",1212144743,"Rafa Maciel",1
"Cotidiano",1212123647,"Rogério Bonfim",1
"Cotidiano",1212141801,"Sidney Magal",1
"Cotidiano",1212142159,"Tati Baez",1
"Cotidiano",1212142901,"Teo Scussel",1
"Cotidiano",1212143962,"Thiago Queiroz",1
"Cotidiano",1212141331,"Thiago Romariz",1
"Cotidiano",1212141033,"Tiago Abravanel",1
"Cotidiano",1212142607,"Viviane Bellini",1
"Cotidiano",1212142536,"Washington Santos",1
"Cotidiano",1212142893,"Yaso",1
"Dia dos Namorados",2002,"Portuguesa",13
"Dia dos Namorados",2003,"Sra. Jovem Nerd",13
"Dia dos Namorados",1212122464,"Sr.K",10
"Dia dos Namorados",1212124811,"Marcelinho",6
"Dia dos Namorados",1212138478,"Leila",3
"Dia dos Namorados",326,"Guilherme Briggs",2
"Dia dos Namorados",1212141924,"Alan Dubox",1
"Dia dos Namorados",1212141723,"Mary Joe",1
"Dia dos Namorados",1212142073,"Rafael Quina",1
"Educação",1212139590,"Pedro Paulo Silveira",29
"Educação",1212139216,"Vinícius Fuzikawa",25
"Educação",1212138688,"Rossana Modolin",22
"Educação",1212124836,"Guga Mafra",16
"Educação",1212126189,"Flávio Augusto",8
"Educação",1212142033,"Nicolas Borsoi",6
"Educação",1212139440,"Patrícia Mafra",5
"Educação",1212140324,"Ian Palanowski",4
"Educação",1212131200,"Maurício Linhares",4
"Educação",1212140088,"Nicholas Kawasaki",4
"Educação",1212130385,"Paulo Silveira",4
"Educação",1212140251,"Ross",4
"Educação",1212122464,"Sr.K",4
"Educação",1212139900,"André Ferreira",3
"Educação",1212123564,"Caio Gomes",3
"Educação",1212141820,"Daniella Freixo de Faria",3
"Educação",1212139741,"Leandro De Checchi",3
"Educação",1212141781,"Mario Souto",3
"Educação",1212141723,"Mary Joe",3
"Educação",1212141924,"Alan Dubox",2
"Educação",1212141988,"Amelia Molino",2
"Educação",1212123847,"André Souza",2
"Educação",1212141947,"Fernanda Lehrer",2
"Educação",1212139217,"Kelly Possebon",2
"Educação",1212137936,"Marcelo Bassoli",2
"Educação",4877,"Marco Gomes",2
"Educação",1212141987,"Peter",2
"Educação",2002,"Portuguesa",2
"Educação",1212137166,"Roberta Arcoverde",2
"Educação",1212138286,"Sérgio Barreto",2
"Educação",274,"Tucano",2
"Educação",1212122795,"Affonso Solano",1
"Educação",3641,"Almôndega",1
"Educação",1212138572,"Altay Souza",1
"Educação",1212129496,"Ana Arantes",1
"Educação",1212142254,"Ane Vaz",1
"Educação",1212122862,"Atila",1
"Educação",1212141887,"Azaghal",1
"Educação",1212140627,"Bruna Sene",1
"Educação",1212141688,"Caio Junqueira de Brito",1
"Educação",1212143391,"Carla Zeglio",1
"Educação",1212137030,"Carlinhos Troll",1
"Educação",1212122462,"Carlos Voltor",1
"Educação",1212141683,"Caroline Souza",1
"Educação",1212141591,"Claudia Chow",1
"Educação",1212141105,"Delcio Gomes",1
"Educação",1212143892,"Dr. Wagner Sanchez",1
"Educação",1212122799,"Fabio Yabu",1
"Educação",1212143219,"Fernanda Costa",1
"Educação",1212135105,"Fernando Reule",1
"Educação",1212127694,"Filipe Figueiredo",1
"Educação",1212141729,"Gabriel Comicholi",1
"Educação",1212125499,"Gabriel Dread",1
"Educação",1212143079,"Getúlio Santos",1
"Educação",1212141199,"Gilson Finkelsztain",1
"Educação",326,"Guilherme Briggs",1
"Educação",1212142811,"Henrique Coronati",1
"Educação",1212141847,"Ian SBF",1
"Educação",1212143616,"Igor Seco",1
"Educação",1212142213,"Isabela Fontanella",1
"Educação",1212140107,"Ivys Urquiza",1
"Educação",3515,"JP",1
"Educação",1212142053,"Jovem Nerd",1
"Educação",1212139063,"João Ferreira",1
"Educação",1212141730,"Jucival Fernandes",1
"Educação",1212141985,"Julia Gutnik",1
"Educação",1212139407,"Julia Mendonça",1
"Educação",1212142810,"Julio Trajano Rodrigues",1
"Educação",1212141682,"Kaká Furlan",1
"Educação",1212141891,"Leandro Leite Soares",1
"Educação",1212138478,"Leila",1
"Educação",1212140792,"Leo Bossan",1
"Educação",1212130384,"Lucas Radaelli",1
"Educação",1212141867,"Luiza Trajano",1
"Educação",1212142281,"Maiko Arpino",1
"Educação",1212142331,"Marcel Campos",1
"Educação",1212125950,"Marcela Versiani",1
"Educação",1212140352,"Marcelo Missioneiro",1
"Educação",1212144062,"Marina de Paula Vilela",1
"Educação",1212144061,"Maximiliano Jacomo",1
"Educação",1212142611,"Michel Naslavsky",1
"Educação",1212133328,"Nathalia Arcuri",1
"Educação",1212141465,"Pamela Lopes",1
"Educação",1212142435,"Patricia Zarour",1
"Educação",1212141588,"Paulo Cuenca",1
"Educação",1212142602,"Pedro Pallotta",1
"Educação",1212125942,"Pirula",1
"Educação",1212143893,"Rafaella Ballerini",1
"Educação",1212140285,"Reinaldo José Lopes",1
"Educação",1212143080,"Renato Rampazzo",1
"Educação",1212141282,"Ricardo di Lazzaro Filho",1
"Educação",1212140055,"Sérgio Cantu",1
"Educação",1212130386,"Sérgio Lopes",1
"Educação",1212137415,"Talita Ribeiro",1
"Educação",1212142159,"Tati Baez",1
"Educação",1212140706,"Thiago Nigro",1
"Educação",1212144060,"Tiago Zaidan",1
"Educação",1212142536,"Washington Santos",1
"Educação",1212143617,"Will",1
"Educação",1212143891,"Winna Zansavio",1
"Educação",1212142893,"Yaso",1
"Empreendedorismo",1212126189,"Flávio Augusto",78
"Empreendedorismo",1212126641,"Sandro Magaldi",44
"Empreendedorismo",1212141891,"Leandro Leite Soares",14
"Empreendedorismo",1212131200,"Maurício Linhares",6
"Empreendedorismo",4877,"Marco Gomes",4
"Empreendedorismo",1212141781,"Mario Souto",4
"Empreendedorismo",1212130385,"Paulo Silveira",4
"Empreendedorismo",1212137166,"Roberta Arcoverde",3
"Empreendedorismo",1212142320,"Gabriel Bollico",2
"Empreendedorismo",1212130301,"Gustavo Caetano",2
"Empreendedorismo",1212142033,"Nicolas Borsoi",2
"Empreendedorismo",1212139590,"Pedro Paulo Silveira",2
"Empreendedorismo",1212130088,"Pedro Waengertner",2
"Empreendedorismo",1212122464,"Sr.K",2
"Empreendedorismo",1212143792,"Alexandre Nogueira",1
"Empreendedorismo",1212142302,"Ana Carina",1
"Empreendedorismo",1212139900,"André Ferreira",1
"Empreendedorismo",1212123847,"André Souza",1
"Empreendedorismo",1212144200,"Augusto Quaresma Coellho",1
"Empreendedorismo",1212142265,"Caio Carneiro",1
"Empreendedorismo",1212123564,"Caio Gomes",1
"Empreendedorismo",1212142585,"Carla Rigonatto",1
"Empreendedorismo",1212137030,"Carlinhos Troll",1
"Empreendedorismo",1212142478,"Carlos Lazar",1
"Empreendedorismo",1212133229,"Cris Correa",1
"Empreendedorismo",1212142586,"Dafne Parreiras Guimarães",1
"Empreendedorismo",1212139062,"Douglas de Lima",1
"Empreendedorismo",1212142928,"Edgar Loja Quebra Galho",1
"Empreendedorismo",1212141736,"Eduardo Galanternick",1
"Empreendedorismo",1212144199,"Elisa Coelho",1
"Empreendedorismo",1212142450,"Fernando Bravo",1
"Empreendedorismo",1212142927,"Flavia Marcon",1
"Empreendedorismo",1212137577,"Fred Trajano",1
"Empreendedorismo",1212144015,"Gilmar Theobald",1
"Empreendedorismo",1212132463,"Gina Gotthilf",1
"Empreendedorismo",1212141810,"Hendel Favarin",1
"Empreendedorismo",1212142811,"Henrique Coronati",1
"Empreendedorismo",1212143098,"Igor Savoia",1
"Empreendedorismo",1212143151,"Joel Jota",1
"Empreendedorismo",1212139063,"João Ferreira",1
"Empreendedorismo",1212142810,"Julio Trajano Rodrigues",1
"Empreendedorismo",1212125928,"Ken Fujioka",1
"Empreendedorismo",1212142071,"Kiko Reis",1
"Empreendedorismo",1212142449,"Leandro Castanheira",1
"Empreendedorismo",1212144436,"Luiz Felippe Fogaça",1
"Empreendedorismo",1212143558,"Léo Mantovan",1
"Empreendedorismo",1212142009,"Marcelo Fadul",1
"Empreendedorismo",1212133328,"Nathalia Arcuri",1
"Empreendedorismo",1212142209,"Paulo Jubilut",1
"Empreendedorismo",1212130831,"Pedro Sorrentino",1
"Empreendedorismo",1212141431,"Renan Pizii",1
"Empreendedorismo",1212140599,"Renata Moraes Vichi",1
"Empreendedorismo",1212134840,"Renato Hirata",1
"Empreendedorismo",1212144671,"Ricardo Rocha",1
"Empreendedorismo",1212139680,"Rick Chesther",1
"Empreendedorismo",1212137132,"Robinson Shiba",1
"Empreendedorismo",1212144249,"Rodrigo Schiavini",1
"Empreendedorismo",1212141316,"Rogerio Betti",1
"Empreendedorismo",1212141111,"Saulo",1
"Empreendedorismo",1212142303,"Silvia Andrade Machado",1
"Empreendedorismo",2003,"Sra. Jovem Nerd",1
"Empreendedorismo",1212142376,"Tonico",1
"Empreendedorismo",274,"Tucano",1
"Empreendedorismo",1212142536,"Washington Santos",1
"Empreendedorismo",1212142893,"Yaso",1
"Empreendedorismo",1212126599,"Yuri Gitahy",1
"Empreendedorismo",1212139965,"Ícaro de Carvalho",1
"Entrevistas",1212139351,"Pri Ganiko",9
"Entrevistas",1212141891,"Leandro Leite Soares",7
"Entrevistas",1212141954,"Camila Sousa",6
"Entrevistas",1212141845,"Pedro Duarte",6
"Entrevistas",1212122462,"Carlos Voltor",5
"Entrevistas",2595,"Eduardo Spohr",3
"Entrevistas",1212126189,"Flávio Augusto",3
"Entrevistas",1212131200,"Maurício Linhares",3
"Entrevistas",1212123847,"André Souza",2
"Entrevistas",3244,"Bluehand",2
"Entrevistas",1212141859,"Gabriel Avila",2
"Entrevistas",326,"Guilherme Briggs",2
"Entrevistas",4877,"Marco Gomes",2
"Entrevistas",1212141723,"Mary Joe",2
"Entrevistas",1212142033,"Nicolas Borsoi",2
"Entrevistas",1212130385,"Paulo Silveira",2
"Entrevistas",1212139590,"Pedro Paulo Silveira",2
"Entrevistas",2003,"Sra. Jovem Nerd",2
"Entrevistas",1212141330,"Tayná Garcia",2
"Entrevistas",1212141924,"Alan Dubox",1
"Entrevistas",1212128837,"Ana Cecília Moraes",1
"Entrevistas",1212142585,"Carla Rigonatto",1
"Entrevistas",1212142478,"Carlos Lazar",1
"Entrevistas",1212142270,"Caíto Mainier",1
"Entrevistas",1212142586,"Dafne Parreiras Guimarães",1
"Entrevistas",3448,"Dubox",1
"Entrevistas",1212142928,"Edgar Loja Quebra Galho",1
"Entrevistas",1212122799,"Fabio Yabu",1
"Entrevistas",1212142272,"Felipe Abrahão",1
"Entrevistas",1212142450,"Fernando Bravo",1
"Entrevistas",1212135105,"Fernando Reule",1
"Entrevistas",1212142927,"Flavia Marcon",1
"Entrevistas",1212130824,"Fábio Porchat",1
"Entrevistas",1212142320,"Gabriel Bollico",1
"Entrevistas",1212138710,"Garcia Júnior",1
"Entrevistas",1212144015,"Gilmar Theobald",1
"Entrevistas",1212138695,"Guilherme Zaiden",1
"Entrevistas",1212142811,"Henrique Coronati",1
"Entrevistas",1212143098,"Igor Savoia",1
"Entrevistas",1212142148,"Jefferson Schroeder",1
"Entrevistas",1212142810,"Julio Trajano Rodrigues",1
"Entrevistas",1212142449,"Leandro Castanheira",1
"Entrevistas",1212142271,"Leandro Ramos",1
"Entrevistas",1212142463,"Lua",1
"Entrevistas",1212130384,"Lucas Radaelli",1
"Entrevistas",1212142281,"Maiko Arpino",1
"Entrevistas",1212142331,"Marcel Campos",1
"Entrevistas",1212141894,"Marcela Soares",1
"Entrevistas",1212123033,"Marcelo Forlani",1
"Entrevistas",1212128722,"Marcos Pontes",1
"Entrevistas",1212141781,"Mario Souto",1
"Entrevistas",1212142902,"Maurício Duboc",1
"Entrevistas",1212142611,"Michel Naslavsky",1
"Entrevistas",1212138711,"Milhem Cortaz",1
"Entrevistas",1212138672,"Nelson Machado",1
"Entrevistas",1212141465,"Pamela Lopes",1
"Entrevistas",1212142435,"Patricia Zarour",1
"Entrevistas",1212139440,"Patrícia Mafra",1
"Entrevistas",1212142269,"Paulo Tiefenthaler",1
"Entrevistas",1212142602,"Pedro Pallotta",1
"Entrevistas",1212141987,"Peter",1
"Entrevistas",2002,"Portuguesa",1
"Entrevistas",1212141282,"Ricardo di Lazzaro Filho",1
"Entrevistas",1212137166,"Roberta Arcoverde",1
"Entrevistas",1212126816,"Romero Britto",1
"Entrevistas",1212137415,"Talita Ribeiro",1
"Entrevistas",1212142901,"Teo Scussel",1
"Entrevistas",1212142376,"Tonico",1
"Entrevistas",274,"Tucano",1
"Entrevistas",1212142607,"Viviane Bellini",1
"Entrevistas",1212142893,"Yaso",1
"Esportes",1212130298,"Mau Faccio",31
"Esportes",1212143471,"Vitor Rossi",31
"Esportes",3515,"JP",7
"Esportes",274,"Tucano",5
"Esportes",1212137936,"Marcelo Bassoli",4
"Esportes",1212122846,"Jonny Ken",3
"Esportes",1212131200,"Maurício Linhares",2
"Esportes",1212133984,"Barbara Gutierrez",1
"Esportes",3244,"Bluehand",1
"Esportes",1212143697,"Caio Maciel",1
"Esportes",1212141954,"Camila Sousa",1
"Esportes",1212141446,"Carolina Moraes",1
"Esportes",1212123529,"Cauê Moura",1
"Esportes",313,"Cris Dias",1
"Esportes",1212128626,"Daniel ""HP""",1
"Esportes",1212140597,"Danilo Muller",1
"Esportes",1212141444,"El Baramallo",1
"Esportes",1212140596,"Everaldo Marques",1
"Esportes",1212135105,"Fernando Reule",1
"Esportes",1212124836,"Guga Mafra",1
"Esportes",1212142811,"Henrique Coronati",1
"Esportes",1212142810,"Julio Trajano Rodrigues",1
"Esportes",1212141891,"Leandro Leite Soares",1
"Esportes",1212144203,"Marcela Maeve",1
"Esportes",4877,"Marco Gomes",1
"Esportes",1212142902,"Maurício Duboc",1
"Esportes",309,"Nick Ellis",1
"Esportes",1212130385,"Paulo Silveira",1
"Esportes",1212139351,"Pri Ganiko",1
"Esportes",1212144204,"Raphão Martins",1
"Esportes",1212137166,"Roberta Arcoverde",1
"Esportes",1212141157,"Schaeppi",1
"Esportes",1212141156,"Takeshi",1
"Esportes",1212141330,"Tayná Garcia",1
"Esportes",1212142901,"Teo Scussel",1
"Esportes",1212128627,"Virgílio Virga",1
"Esportes",1212142893,"Yaso",1
"Game of Thrones",3515,"JP",7
"Game of Thrones",1212141954,"Camila Sousa",6
"Game of Thrones",274,"Tucano",6
"Game of Thrones",3508,"Guga Ferrari",4
"Game of Thrones",1212139351,"Pri Ganiko",4
"Game of Thrones",1212141859,"Gabriel Avila",2
"Game of Thrones",1212140265,"Katiucha Barcelos",2
"Game of Thrones",1212137936,"Marcelo Bassoli",2
"Game of Thrones",1212141845,"Pedro Duarte",2
"Game of Thrones",1212122464,"Sr.K",2
"Game of Thrones",1212122669,"Leonel Caldela",1
"Game of Thrones",1212142827,"Pedro Siqueira",1
"Game of Thrones",1212141330,"Tayná Garcia",1
"Games",1212139351,"Pri Ganiko",9
"Games",1212141954,"Camila Sousa",8
"Games",1212122462,"Carlos Voltor",8
"Games",1212122796,"Beto Estrada",6
"Games",1212141330,"Tayná Garcia",6
"Games",1212124762,"Izzy Nobre",5
"Games",1212131200,"Maurício Linhares",5
"Games",1212126509,"Bruno Carvalho",4
"Games",1212126508,"Evandro de Freitas",4
"Games",5034,"Jurandir Filho",4
"Games",1212125950,"Marcela Versiani",4
"Games",1212130385,"Paulo Silveira",4
"Games",1212122795,"Affonso Solano",3
"Games",1212122797,"Diogo Braga",3
"Games",1212137166,"Roberta Arcoverde",3
"Games",1212133984,"Barbara Gutierrez",2
"Games",3515,"JP",2
"Games",1212138256,"Lierson Mattenhauer",2
"Games",1212133985,"Lucas ""Marduk"" Rampinelli",2
"Games",4877,"Marco Gomes",2
"Games",1212141781,"Mario Souto",2
"Games",1212141845,"Pedro Duarte",2
"Games",274,"Tucano",2
"Games",1212122465,"Afonso 3d",1
"Games",1212126386,"Alek",1
"Games",3641,"Almôndega",1
"Games",1212142125,"Amora Bettany",1
"Games",1212137796,"André Breves",1
"Games",3244,"Bluehand",1
"Games",1212142393,"Buck O Balde",1
"Games",1212123564,"Caio Gomes",1
"Games",1212141446,"Carolina Moraes",1
"Games",313,"Cris Dias",1
"Games",1212141444,"El Baramallo",1
"Games",1212142123,"Eliana Dib",1
"Games",1212122799,"Fabio Yabu",1
"Games",1212141619,"Francisco Yamauti",1
"Games",1212141859,"Gabriel Avila",1
"Games",1212128441,"Ghost",1
"Games",1212128442,"Gilsomar Livramento",1
"Games",1212142392,"Giovanni Dud3",1
"Games",1212142811,"Henrique Coronati",1
"Games",1212142810,"Julio Trajano Rodrigues",1
"Games",1212141891,"Leandro Leite Soares",1
"Games",1212127968,"Leon Martins",1
"Games",1212137936,"Marcelo Bassoli",1
"Games",1212126238,"Nuno",1
"Games",1212141621,"Paula Nobre",1
"Games",1212142124,"Pedro Medeiros",1
"Games",1212123647,"Rogério Bonfim",1
"Games",1212141157,"Schaeppi",1
"Games",1212122464,"Sr.K",1
"Games",1212141156,"Takeshi",1
"Games",1212141618,"Thalita Lefer",1
"Games",1212142126,"Thaís Weiller",1
"Games",1212141331,"Thiago Romariz",1
"Games",1212139352,"Toboco",1
"Games",1212144494,"Wagner Araújo",1
"Games",1212142893,"Yaso",1
"Games",1212126239,"Yuri Fang",1
"Gastronomia",274,"Tucano",5
"Gastronomia",1212124836,"Guga Mafra",4
"Gastronomia",1212138256,"Lierson Mattenhauer",3
"Gastronomia",1212126308,"David Preti",2
"Gastronomia",1212141891,"Leandro Leite Soares",2
"Gastronomia",1212122464,"Sr.K",2
"Gastronomia",1212138258,"Alessandro Ongaratto",1
"Gastronomia",1212142245,"Ariana Rocha",1
"Gastronomia",1212122862,"Atila",1
"Gastronomia",1212142230,"Barbara Pola Russell",1
"Gastronomia",3244,"Bluehand",1
"Gastronomia",1212141954,"Camila Sousa",1
"Gastronomia",1212137030,"Carlinhos Troll",1
"Gastronomia",1212142131,"Carolina Andrade",1
"Gastronomia",1212142270,"Caíto Mainier",1
"Gastronomia",1212142928,"Edgar Loja Quebra Galho",1
"Gastronomia",1212123334,"Edney Souza",1
"Gastronomia",2595,"Eduardo Spohr",1
"Gastronomia",1212142272,"Felipe Abrahão",1
"Gastronomia",1212135105,"Fernando Reule",1
"Gastronomia",1212142229,"Fernando Russell",1
"Gastronomia",1212142927,"Flavia Marcon",1
"Gastronomia",1212122317,"Gaveta",1
"Gastronomia",1212142811,"Henrique Coronati",1
"Gastronomia",3515,"JP",1
"Gastronomia",1212142810,"Julio Trajano Rodrigues",1
"Gastronomia",1212142271,"Leandro Ramos",1
"Gastronomia",1212122952,"Leo Lopes",1
"Gastronomia",1212126475,"Maestro Billy",1
"Gastronomia",4877,"Marco Gomes",1
"Gastronomia",1212141781,"Mario Souto",1
"Gastronomia",1212141723,"Mary Joe",1
"Gastronomia",1212142902,"Maurício Duboc",1
"Gastronomia",1212131200,"Maurício Linhares",1
"Gastronomia",1212130385,"Paulo Silveira",1
"Gastronomia",1212142269,"Paulo Tiefenthaler",1
"Gastronomia",1212139351,"Pri Ganiko",1
"Gastronomia",1212141282,"Ricardo di Lazzaro Filho",1
"Gastronomia",1212141330,"Tayná Garcia",1
"Gastronomia",1212142901,"Teo Scussel",1
"História",274,"Tucano",65
"História",2595,"Eduardo Spohr",60
"História",3515,"JP",40
"História",1212127694,"Filipe Figueiredo",39
"História",3244,"Bluehand",37
"História",1212123564,"Caio Gomes",3
"História",1212141184,"Ale Santos",2
"História",1212142850,"Angélica Kalil",2
"História",1212141954,"Camila Sousa",2
"História",3508,"Guga Ferrari",2
"História",1212142293,"Iana Villela",2
"História",1212122669,"Leonel Caldela",2
"História",4877,"Marco Gomes",2
"História",1212141282,"Ricardo di Lazzaro Filho",2
"História",1212122464,"Sr.K",2
"História",1212136729,"Alexander Stahlhoefer",1
"História",1212123573,"Amigo Imaginário",1
"História",1212141185,"Andreza Delgado",1
"História",3662,"Android",1
"História",3325,"Carlos Merigo",1
"História",1212122462,"Carlos Voltor",1
"História",1212138690,"Erick Carvalho",1
"História",1212122799,"Fabio Yabu",1
"História",1212124836,"Guga Mafra",1
"História",1212142331,"Marcel Campos",1
"História",1212142611,"Michel Naslavsky",1
"História",1212141830,"Márcia Jamille",1
"História",1212141944,"Neide Barros",1
"História",1212141845,"Pedro Duarte",1
"História",1212142602,"Pedro Pallotta",1
"História",1212139590,"Pedro Paulo Silveira",1
"História",1212123577,"Pollar",1
"História",1212139351,"Pri Ganiko",1
"História",1212143005,"Rodrigo Trespach",1
"História",1212143006,"Tawany Rocha",1
"História",1212141330,"Tayná Garcia",1
"História",1212143154,"Tupá Guerra",1
"História",1212139216,"Vinícius Fuzikawa",1
"História",1212144148,"Vítor Soares",1
"História",1212141523,"Ynaê Lopes dos Santos",1
"História Alternativa",2595,"Eduardo Spohr",10
"História Alternativa",274,"Tucano",10
"História Alternativa",1212122462,"Carlos Voltor",7
"História Alternativa",1212123226,"Rex",4
"História Alternativa",1212122795,"Affonso Solano",3
"História Alternativa",1212122797,"Diogo Braga",3
"História Alternativa",3515,"JP",3
"História Alternativa",1212137936,"Marcelo Bassoli",3
"História Alternativa",3244,"Bluehand",2
"História Alternativa",1212127694,"Filipe Figueiredo",2
"História Alternativa",1212140265,"Katiucha Barcelos",2
"História Alternativa",1212139351,"Pri Ganiko",2
"História Alternativa",1212122464,"Sr.K",2
"História Alternativa",1212141330,"Tayná Garcia",2
"História Alternativa",1212123573,"Amigo Imaginário",1
"História Alternativa",1212122862,"Atila",1
"História Alternativa",1212122796,"Beto Estrada",1
"História Alternativa",1212123564,"Caio Gomes",1
"História Alternativa",1212141954,"Camila Sousa",1
"História Alternativa",1212124836,"Guga Mafra",1
"História Alternativa",1212141393,"LOAD",1
"História Alternativa",1212122669,"Leonel Caldela",1
"História Alternativa",4877,"Marco Gomes",1
"História Alternativa",1212141845,"Pedro Duarte",1
"História Alternativa",1212125942,"Pirula",1
"História Alternativa",1212141282,"Ricardo di Lazzaro",1
"História Alternativa",1212143005,"Rodrigo Trespach",1
"História Alternativa",1212143006,"Tawany Rocha",1
"Internet",1212139351,"Pri Ganiko",14
"Internet",1212141954,"Camila Sousa",13
"Internet",1212141891,"Leandro Leite Soares",6
"Internet",1212141330,"Tayná Garcia",6
"Internet",1212141781,"Mario Souto",5
"Internet",1212131200,"Maurício Linhares",5
"Internet",1212130385,"Paulo Silveira",5
"Internet",1212141845,"Pedro Duarte",5
"Internet",313,"Cris Dias",4
"Internet",4877,"Marco Gomes",4
"Internet",1212141859,"Gabriel Avila",3
"Internet",1212142033,"Nicolas Borsoi",3
"Internet",1212139590,"Pedro Paulo Silveira",3
"Internet",3244,"Bluehand",2
"Internet",1212122463,"Cardoso",2
"Internet",1212123334,"Edney Souza",2
"Internet",2595,"Eduardo Spohr",2
"Internet",1212126189,"Flávio Augusto",2
"Internet",1212137166,"Roberta Arcoverde",2
"Internet",1212137796,"André Breves",1
"Internet",1212123847,"André Souza",1
"Internet",1212143191,"Arthur Eloi",1
"Internet",1212141887,"Azaghal",1
"Internet",1212123333,"Bia Granja",1
"Internet",1212123564,"Caio Gomes",1
"Internet",1212142585,"Carla Rigonatto",1
"Internet",3325,"Carlos Merigo",1
"Internet",1212122462,"Carlos Voltor",1
"Internet",1212142131,"Carolina Andrade",1
"Internet",1212142586,"Dafne Parreiras Guimarães",1
"Internet",1212142928,"Edgar Loja Quebra Galho",1
"Internet",1212142450,"Fernando Bravo",1
"Internet",1212135105,"Fernando Reule",1
"Internet",1212142130,"Flavia Calina",1
"Internet",1212142927,"Flavia Marcon",1
"Internet",1212142320,"Gabriel Bollico",1
"Internet",1212143079,"Getúlio Santos",1
"Internet",1212133869,"Guilherme Silveira",1
"Internet",1212142811,"Henrique Coronati",1
"Internet",1212143098,"Igor Savoia",1
"Internet",1212142053,"Jovem Nerd",1
"Internet",1212142810,"Julio Trajano Rodrigues",1
"Internet",1212142449,"Leandro Castanheira",1
"Internet",1212143709,"Leonardo Balter",1
"Internet",1212142331,"Marcel Campos",1
"Internet",1212130298,"Mau Faccio",1
"Internet",1212142902,"Maurício Duboc",1
"Internet",1212142611,"Michel Naslavsky",1
"Internet",1212139440,"Patrícia Mafra",1
"Internet",1212142602,"Pedro Pallotta",1
"Internet",1212143080,"Renato Rampazzo",1
"Internet",1212141282,"Ricardo di Lazzaro Filho",1
"Internet",2003,"Sra. Jovem Nerd",1
"Internet",1212142901,"Teo Scussel",1
"Internet",1212142376,"Tonico",1
"Internet",274,"Tucano",1
"Internet",1212124682,"Vinícius K-Max",1
"Internet",1212142607,"Viviane Bellini",1
"Internet",1212142893,"Yaso",1
"Lendas e Mistérios",274,"Tucano",10
"Lendas e Mistérios",3244,"Bluehand",8
"Lendas e Mistérios",2595,"Eduardo Spohr",8
"Lendas e Mistérios",3515,"JP",7
"Lendas e Mistérios",1212139351,"Pri Ganiko",3
"Lendas e Mistérios",1212122795,"Affonso Solano",2
"Lendas e Mistérios",1212122465,"Afonso 3d",2
"Lendas e Mistérios",1212123573,"Amigo Imaginário",2
"Lendas e Mistérios",1212141954,"Camila Sousa",2
"Lendas e Mistérios",1212141845,"Pedro Duarte",2
"Lendas e Mistérios",1212123564,"Caio Gomes",1
"Lendas e Mistérios",1212122462,"Carlos Voltor",1
"Lendas e Mistérios",2002,"Portuguesa",1
"Lendas e Mistérios",2003,"Sra. Jovem Nerd",1
"Lendas e Mistérios",1212141330,"Tayná Garcia",1
"Literatura",2595,"Eduardo Spohr",19
"Literatura",274,"Tucano",9
"Literatura",3515,"JP",8
"Literatura",1212122795,"Affonso Solano",5
"Literatura",309,"Nick Ellis",5
"Literatura",1212141845,"Pedro Duarte",5
"Literatura",1212139351,"Pri Ganiko",5
"Literatura",1212122462,"Carlos Voltor",4
"Literatura",3662,"Android",3
"Literatura",3244,"Bluehand",3
"Literatura",1212141954,"Camila Sousa",3
"Literatura",3508,"Guga Ferrari",3
"Literatura",1212122669,"Leonel Caldela",3
"Literatura",1212122464,"Sr.K",3
"Literatura",1212125306,"André Vianco",2
"Literatura",1212122463,"Cardoso",2
"Literatura",1212123334,"Edney Souza",2
"Literatura",1212122799,"Fabio Yabu",2
"Literatura",1212141330,"Tayná Garcia",2
"Literatura",1212123573,"Amigo Imaginário",1
"Literatura",1212123564,"Caio Gomes",1
"Literatura",1212141820,"Daniella Freixo de Faria",1
"Literatura",1212138697,"Débora Otero",1
"Literatura",1212138690,"Erick Carvalho",1
"Literatura",1212138720,"Fabiano Neme",1
"Literatura",1212135105,"Fernando Reule",1
"Literatura",1212124762,"Izzy Nobre",1
"Literatura",1212125542,"Jeff Paiva",1
"Literatura",1212140265,"Katiucha Barcelos",1
"Literatura",1212137936,"Marcelo Bassoli",1
"Literatura",1212142902,"Maurício Duboc",1
"Literatura",1212138696,"Patrícia",1
"Literatura",1212123578,"Rafael Poggi",1
"Literatura",4307,"Raphael Draccon",1
"Literatura",1212140812,"Ronald Kyrmse",1
"Literatura",2003,"Sra. Jovem Nerd",1
"Literatura",1212142159,"Tati Baez",1
"Literatura",1212142901,"Teo Scussel",1
"Lost",3515,"JP",11
"Lost",274,"Tucano",11
"Lost",1212122799,"Fabio Yabu",6
"Lost",1212122462,"Carlos Voltor",2
"Lost",3662,"Android",1
"Lost",2595,"Eduardo Spohr",1
"Lost",5035,"Maurício Saldanha",1
"Lost",1212138704,"Vinícius Schiavini",1
"MAIS POPULARES",274,"Tucano",8
"MAIS POPULARES",1212122462,"Carlos Voltor",6
"MAIS POPULARES",1212122317,"Gaveta",5
"MAIS POPULARES",3515,"JP",5
"MAIS POPULARES",1212123226,"Rex",4
"MAIS POPULARES",3662,"Android",3
"MAIS POPULARES",1212141954,"Camila Sousa",3
"MAIS POPULARES",1212141845,"Pedro Duarte",3
"MAIS POPULARES",2002,"Portuguesa",3
"MAIS POPULARES",1212139351,"Pri Ganiko",3
"MAIS POPULARES",1212122795,"Affonso Solano",2
"MAIS POPULARES",1212122797,"Diogo Braga",2
"MAIS POPULARES",2595,"Eduardo Spohr",2
"MAIS POPULARES",326,"Guilherme Briggs",2
"MAIS POPULARES",1212122669,"Leonel Caldela",2
"MAIS POPULARES",1212122464,"Sr.K",2
"MAIS POPULARES",1212141330,"Tayná Garcia",2
"MAIS POPULARES",1212122465,"Afonso 3d",1
"MAIS POPULARES",1212122862,"Atila",1
"MAIS POPULARES",1212137030,"Carlinhos Troll",1
"MAIS POPULARES",1212126189,"Flávio Augusto",1
"MAIS POPULARES",1212124836,"Guga Mafra",1
"MAIS POPULARES",1212130298,"Mau Faccio",1
"Melhores Momentos",1212139351,"Pri Ganiko",3
"Melhores Momentos",1212141845,"Pedro Duarte",2
"Melhores Momentos",1212141330,"Tayná Garcia",2
"Melhores Momentos",1212141954,"Camila Sousa",1
"Melhores Momentos",1212135105,"Fernando Reule",1
"Melhores Momentos",1212126189,"Flávio Augusto",1
"Melhores Momentos",1212142902,"Maurício Duboc",1
"Melhores Momentos",1212142901,"Teo Scussel",1
"Música",1212124836,"Guga Mafra",11
"Música",274,"Tucano",8
"Música",3515,"JP",5
"Música",2595,"Eduardo Spohr",3
"Música",309,"Nick Ellis",3
"Música",1212122796,"Beto Estrada",2
"Música",3244,"Bluehand",2
"Música",3508,"Guga Ferrari",2
"Música",4877,"Marco Gomes",2
"Música",1212141628,"Marianna Soter",2
"Música",1212141845,"Pedro Duarte",2
"Música",2002,"Portuguesa",2
"Música",1212139351,"Pri Ganiko",2
"Música",1212141511,"Ricardo Alexandre",2
"Música",1212122464,"Sr.K",2
"Música",3641,"Almôndega",1
"Música",1212139640,"Américo Fazio",1
"Música",1212141278,"Bruno Gouveia",1
"Música",1212134327,"Conrado Pesinato",1
"Música",1212141820,"Daniella Freixo de Faria",1
"Música",1212135105,"Fernando Reule",1
"Música",1212122317,"Gaveta",1
"Música",1212142190,"Govis",1
"Música",1212128349,"Irado",1
"Música",1212143061,"Jazz Rider",1
"Música",1212141871,"Juliana Vieira",1
"Música",1212141723,"Mary Joe",1
"Música",1212142902,"Maurício Duboc",1
"Música",1212131200,"Maurício Linhares",1
"Música",2003,"Sra. Jovem Nerd",1
"Música",1212141330,"Tayná Garcia",1
"Música",1212142901,"Teo Scussel",1
"Música",1212142118,"Thedy Corrêa",1
"Música",1212142893,"Yaso",1
"Nostalgia",274,"Tucano",19
"Nostalgia",3515,"JP",13
"Nostalgia",2003,"Sra. Jovem Nerd",11
"Nostalgia",2002,"Portuguesa",10
"Nostalgia",1212122462,"Carlos Voltor",7
"Nostalgia",1212122464,"Sr.K",7
"Nostalgia",3508,"Guga Ferrari",6
"Nostalgia",1212122795,"Affonso Solano",4
"Nostalgia",2595,"Eduardo Spohr",4
"Nostalgia",1212141723,"Mary Joe",4
"Nostalgia",1212122798,"Francine Gladulich",3
"Nostalgia",1212141845,"Pedro Duarte",3
"Nostalgia",1212139351,"Pri Ganiko",3
"Nostalgia",1212141924,"Alan Dubox",2
"Nostalgia",3641,"Almôndega",2
"Nostalgia",1212122796,"Beto Estrada",2
"Nostalgia",1212141954,"Camila Sousa",2
"Nostalgia",1212141820,"Daniella Freixo de Faria",2
"Nostalgia",1212122797,"Diogo Braga",2
"Nostalgia",1212124836,"Guga Mafra",2
"Nostalgia",1212122846,"Jonny Ken",2
"Nostalgia",1212141330,"Tayná Garcia",2
"Nostalgia",1212122465,"Afonso 3d",1
"Nostalgia",1212142131,"Carolina Andrade",1
"Nostalgia",3448,"Dubox",1
"Nostalgia",1212135105,"Fernando Reule",1
"Nostalgia",1212128349,"Irado",1
"Nostalgia",1212122952,"Leo Lopes",1
"Nostalgia",1212142463,"Lua",1
"Nostalgia",1212141781,"Mario Souto",1
"Nostalgia",1212130298,"Mau Faccio",1
"Nostalgia",1212142902,"Maurício Duboc",1
"Nostalgia",1212131200,"Maurício Linhares",1
"Nostalgia",1212139440,"Patrícia Mafra",1
"Nostalgia",1212130385,"Paulo Silveira",1
"Nostalgia",1212141987,"Peter",1
"Nostalgia",1212137166,"Roberta Arcoverde",1
"Nostalgia",1212142159,"Tati Baez",1
"Nostalgia",1212142901,"Teo Scussel",1
"Notícias",1212139351,"Pri Ganiko",62
"Notícias",1212141954,"Camila Sousa",53
"Notícias",1212141859,"Gabriel Avila",36
"Notícias",1212141845,"Pedro Duarte",36
"Notícias",1212141330,"Tayná Garcia",28
"Notícias",1212143191,"Arthur Eloi",14
"Notícias",1212130299,"Marina Val",8
"Notícias",1212142827,"Pedro Siqueira",7
"Notícias",1212131200,"Maurício Linhares",4
"Notícias",1212142033,"Nicolas Borsoi",4
"Notícias",1212139590,"Pedro Paulo Silveira",4
"Notícias",1212130385,"Paulo Silveira",3
"Notícias",1212144179,"Alottoni",2
"Notícias",1212142053,"Jovem Nerd",2
"Notícias",1212141891,"Leandro Leite Soares",2
"Notícias",1212141781,"Mario Souto",2
"Notícias",1212143806,"Priscila Ganiko",2
"Notícias",1212141887,"Azaghal",1
"Notícias",1212142928,"Edgar Loja Quebra Galho",1
"Notícias",1212135105,"Fernando Reule",1
"Notícias",1212142927,"Flavia Marcon",1
"Notícias",1212126189,"Flávio Augusto",1
"Notícias",1212142811,"Henrique Coronati",1
"Notícias",1212142810,"Julio Trajano Rodrigues",1
"Notícias",1212140265,"Katiucha Barcelos",1
"Notícias",1212142331,"Marcel Campos",1
"Notícias",1212137936,"Marcelo Bassoli",1
"Notícias",4877,"Marco Gomes",1
"Notícias",1212142902,"Maurício Duboc",1
"Notícias",1212140172,"Max Valarezo",1
"Notícias",1212142611,"Michel Naslavsky",1
"Notícias",1212142602,"Pedro Pallotta",1
"Notícias",1212141282,"Ricardo di Lazzaro Filho",1
"Notícias",1212137166,"Roberta Arcoverde",1
"Notícias",1212142901,"Teo Scussel",1
"Notícias",1212142893,"Yaso",1
"Política",274,"Tucano",9
"Política",1212127694,"Filipe Figueiredo",7
"Política",2595,"Eduardo Spohr",6
"Política",3515,"JP",6
"Política",1212139590,"Pedro Paulo Silveira",4
"Política",1212131200,"Maurício Linhares",3
"Política",1212142033,"Nicolas Borsoi",3
"Política",1212130385,"Paulo Silveira",3
"Política",1212135982,"Daniel Jezini",2
"Política",1212141781,"Mario Souto",2
"Política",1212139900,"André Ferreira",1
"Política",1212142850,"Angélica Kalil",1
"Política",3244,"Bluehand",1
"Política",1212141954,"Camila Sousa",1
"Política",1212139147,"Giuseppe Janino",1
"Política",1212142293,"Iana Villela",1
"Política",1212142331,"Marcel Campos",1
"Política",1212142602,"Pedro Pallotta",1
"Política",1212139351,"Pri Ganiko",1
"Política",1212137166,"Roberta Arcoverde",1
"Política",1212141330,"Tayná Garcia",1
"Política",1212139148,"Thiago Fini",1
"Política",1212139216,"Vinícius Fuzikawa",1
"Política",1212142536,"Washington Santos",1
"Política",1212139149,"Zé Cruz",1
"Profissões",1212122846,"Jonny Ken",4
"Profissões",1212130385,"Paulo Silveira",4
"Profissões",3244,"Bluehand",3
"Profissões",1212141891,"Leandro Leite Soares",3
"Profissões",4877,"Marco Gomes",3
"Profissões",1212131200,"Maurício Linhares",3
"Profissões",1212137166,"Roberta Arcoverde",3
"Profissões",1212123564,"Caio Gomes",2
"Profissões",2595,"Eduardo Spohr",2
"Profissões",1212122799,"Fabio Yabu",2
"Profissões",1212135105,"Fernando Reule",2
"Profissões",1212126189,"Flávio Augusto",2
"Profissões",1212123618,"Gustavo Guanabara",2
"Profissões",1212141781,"Mario Souto",2
"Profissões",274,"Tucano",2
"Profissões",1212126386,"Alek",1
"Profissões",1212144035,"Alice Monstrinho",1
"Profissões",1212139638,"Amanda Louzada",1
"Profissões",1212139640,"Américo Fazio",1
"Profissões",1212123847,"André Souza",1
"Profissões",1212122862,"Atila",1
"Profissões",1212126483,"Barbara Russell",1
"Profissões",1212135761,"Beto Neves",1
"Profissões",1212140193,"Butcher Billy",1
"Profissões",1212142478,"Carlos Lazar",1
"Profissões",3325,"Carlos Merigo",1
"Profissões",1212122462,"Carlos Voltor",1
"Profissões",1212135759,"Diego Moreno",1
"Profissões",1212142928,"Edgar Loja Quebra Galho",1
"Profissões",1212126484,"Ernesto Belote",1
"Profissões",1212142450,"Fernando Bravo",1
"Profissões",1212141260,"Flavia Luz",1
"Profissões",1212142927,"Flavia Marcon",1
"Profissões",1212140771,"Flávio Dinão",1
"Profissões",1212144037,"Fred Rubim",1
"Profissões",1212140608,"Gabs Ferreira",1
"Profissões",1212122317,"Gaveta",1
"Profissões",1212143079,"Getúlio Santos",1
"Profissões",1212142811,"Henrique Coronati",1
"Profissões",1212140866,"Herbert Holdefer",1
"Profissões",1212140769,"Igor Gosling",1
"Profissões",1212141466,"João Paulo Beltrão",1
"Profissões",1212142810,"Julio Trajano Rodrigues",1
"Profissões",1212125928,"Ken Fujioka",1
"Profissões",1212142449,"Leandro Castanheira",1
"Profissões",1212137077,"Lito",1
"Profissões",1212140770,"Lucas Cardoso",1
"Profissões",1212135760,"Luizinho Mazzei",1
"Profissões",1212139639,"Luquinhaz",1
"Profissões",1212141467,"Marcia Leite",1
"Profissões",1212126369,"Mauricio Cid",1
"Profissões",1212136384,"Mauricio Taborda",1
"Profissões",1212142902,"Maurício Duboc",1
"Profissões",5035,"Maurício Saldanha",1
"Profissões",1212142611,"Michel Naslavsky",1
"Profissões",1212126499,"Muniz Neto",1
"Profissões",1212135106,"Natália Freitas",1
"Profissões",1212142033,"Nicolas Borsoi",1
"Profissões",1212141465,"Pamela Lopes",1
"Profissões",1212141259,"Pamela Tertuliano",1
"Profissões",1212135137,"Paul H. Paulino",1
"Profissões",1212139590,"Pedro Paulo Silveira",1
"Profissões",1212125942,"Pirula",1
"Profissões",1212144038,"Rafael Calça",1
"Profissões",1212140190,"Rafael Silveira",1
"Profissões",1212141261,"Rafael de Pinho",1
"Profissões",1212143080,"Renato Rampazzo",1
"Profissões",1212141282,"Ricardo di Lazzaro Filho",1
"Profissões",1212140867,"Sarkis Semerdjian",1
"Profissões",1212142901,"Teo Scussel",1
"Profissões",1212140192,"Tito Ferrara",1
"Profissões",1212142893,"Yaso",1
"Publicidade",1212141954,"Camila Sousa",2
"Publicidade",1212141891,"Leandro Leite Soares",2
"Publicidade",1212142585,"Carla Rigonatto",1
"Publicidade",1212142586,"Dafne Parreiras Guimarães",1
"Publicidade",1212142928,"Edgar Loja Quebra Galho",1
"Publicidade",1212142927,"Flavia Marcon",1
"Publicidade",1212126189,"Flávio Augusto",1
"Publicidade",1212124836,"Guga Mafra",1
"Publicidade",1212142811,"Henrique Coronati",1
"Publicidade",1212142810,"Julio Trajano Rodrigues",1
"Publicidade",1212125928,"Ken Fujioka",1
"Publicidade",1212142033,"Nicolas Borsoi",1
"Publicidade",1212141845,"Pedro Duarte",1
"Publicidade",1212139590,"Pedro Paulo Silveira",1
"Publicidade",1212139351,"Pri Ganiko",1
"Publicidade",2003,"Sra. Jovem Nerd",1
"Publicidade",274,"Tucano",1
"Quadrinhos",1212122462,"Carlos Voltor",24
"Quadrinhos",3515,"JP",9
"Quadrinhos",1212139351,"Pri Ganiko",8
"Quadrinhos",1212141954,"Camila Sousa",6
"Quadrinhos",1212122799,"Fabio Yabu",6
"Quadrinhos",1212123226,"Rex",6
"Quadrinhos",274,"Tucano",5
"Quadrinhos",1212141845,"Pedro Duarte",4
"Quadrinhos",1212122795,"Affonso Solano",3
"Quadrinhos",3662,"Android",3
"Quadrinhos",1212122796,"Beto Estrada",3
"Quadrinhos",3508,"Guga Ferrari",3
"Quadrinhos",1212123572,"Lady Lark",3
"Quadrinhos",1212141330,"Tayná Garcia",3
"Quadrinhos",1212122797,"Diogo Braga",2
"Quadrinhos",2595,"Eduardo Spohr",2
"Quadrinhos",1212141859,"Gabriel Avila",2
"Quadrinhos",1212123651,"Hell",2
"Quadrinhos",1212141393,"LOAD",2
"Quadrinhos",1212137936,"Marcelo Bassoli",2
"Quadrinhos",1212122464,"Sr.K",2
"Quadrinhos",3244,"Bluehand",1
"Quadrinhos",326,"Guilherme Briggs",1
"Quadrinhos",1212140265,"Katiucha Barcelos",1
"Quadrinhos",1212122669,"Leonel Caldela",1
"Quadrinhos",1212123033,"Marcelo Forlani",1
"Quadrinhos",1212141753,"Marcelo Pereira",1
"Quadrinhos",4877,"Marco Gomes",1
"Quadrinhos",1212141431,"Renan Pizii",1
"Quadrinhos",1212138704,"Vinícius Schiavini",1
"RPG",1212122462,"Carlos Voltor",19
"RPG",274,"Tucano",15
"RPG",3515,"JP",10
"RPG",1212123226,"Rex",10
"RPG",1212122669,"Leonel Caldela",9
"RPG",2595,"Eduardo Spohr",6
"RPG",3662,"Android",4
"RPG",3244,"Bluehand",2
"RPG",326,"Guilherme Briggs",2
"RPG",1212122465,"Afonso 3d",1
"RPG",1212141446,"Carolina Moraes",1
"RPG",1212141444,"El Baramallo",1
"RPG",1212127694,"Filipe Figueiredo",1
"RPG",1212140472,"Guilherme Desvaldi",1
"RPG",1212140471,"JM Trevisan",1
"RPG",1212140265,"Katiucha Barcelos",1
"RPG",1212138256,"Lierson Mattenhauer",1
"RPG",1212141445,"Meg",1
"RPG",2002,"Portuguesa",1
"RPG",1212122464,"Sr.K",1
"RPG",1212144494,"Wagner Araújo",1
"Retrospectiva",1212141954,"Camila Sousa",2
"Retrospectiva",1212141845,"Pedro Duarte",2
"Retrospectiva",1212143191,"Arthur Eloi",1
"Retrospectiva",3244,"Bluehand",1
"Retrospectiva",1212123502,"Borbs",1
"Retrospectiva",1212122462,"Carlos Voltor",1
"Retrospectiva",1212141859,"Gabriel Avila",1
"Retrospectiva",5035,"Maurício Saldanha",1
"Retrospectiva",1212142827,"Pedro Siqueira",1
"Retrospectiva",1212139351,"Pri Ganiko",1
"Retrospectiva",1212143806,"Priscila Ganiko",1
"Retrospectiva",1212141330,"Tayná Garcia",1
"Star Wars",1212122462,"Carlos Voltor",16
"Star Wars",1212123574,"Henrique Granado",8
"Star Wars",1212137936,"Marcelo Bassoli",8
"Star Wars",2595,"Eduardo Spohr",6
"Star Wars",1212140265,"Katiucha Barcelos",5
"Star Wars",1212123226,"Rex",4
"Star Wars",274,"Tucano",4
"Star Wars",1212133685,"André Gordirro",2
"Star Wars",1212122317,"Gaveta",2
"Star Wars",1212122465,"Afonso 3d",1
"Star Wars",1212141954,"Camila Sousa",1
"Star Wars",1212126308,"David Preti",1
"Star Wars",3508,"Guga Ferrari",1
"Star Wars",326,"Guilherme Briggs",1
"Star Wars",1212142331,"Marcel Campos",1
"Star Wars",1212130299,"Marina Val",1
"Star Wars",309,"Nick Ellis",1
"Star Wars",1212142602,"Pedro Pallotta",1
"Star Wars",1212139351,"Pri Ganiko",1
"Star Wars",1212122464,"Sr.K",1
"Séries",274,"Tucano",34
"Séries",1212122462,"Carlos Voltor",24
"Séries",1212140265,"Katiucha Barcelos",24
"Séries",1212137936,"Marcelo Bassoli",22
"Séries",1212139351,"Pri Ganiko",17
"Séries",1212141954,"Camila Sousa",15
"Séries",1212123226,"Rex",14
"Séries",1212122669,"Leonel Caldela",13
"Séries",2595,"Eduardo Spohr",12
"Séries",1212122795,"Affonso Solano",9
"Séries",3641,"Almôndega",8
"Séries",3515,"JP",8
"Séries",1212141845,"Pedro Duarte",8
"Séries",1212122464,"Sr.K",8
"Séries",1212141859,"Gabriel Avila",7
"Séries",3508,"Guga Ferrari",6
"Séries",1212123564,"Caio Gomes",5
"Séries",1212122799,"Fabio Yabu",5
"Séries",1212141393,"LOAD",5
"Séries",1212141330,"Tayná Garcia",5
"Séries",2002,"Portuguesa",4
"Séries",1212142083,"Gabriel dos Anjos",3
"Séries",1212124836,"Guga Mafra",3
"Séries",309,"Nick Ellis",3
"Séries",1212142082,"Priscila Queiroz",3
"Séries",1212143191,"Arthur Eloi",2
"Séries",1212122796,"Beto Estrada",2
"Séries",1212122797,"Diogo Braga",2
"Séries",4877,"Marco Gomes",2
"Séries",1212130298,"Mau Faccio",2
"Séries",1212141293,"PH Santos",2
"Séries",1212142827,"Pedro Siqueira",2
"Séries",1212122465,"Afonso 3d",1
"Séries",1212141924,"Alan Dubox",1
"Séries",1212123573,"Amigo Imaginário",1
"Séries",3662,"Android",1
"Séries",1212133685,"André Gordirro",1
"Séries",1212130300,"Bruno Gunter",1
"Séries",1212142393,"Buck O Balde",1
"Séries",1212123529,"Cauê Moura",1
"Séries",1212141820,"Daniella Freixo de Faria",1
"Séries",1212142100,"Diego Martinez",1
"Séries",1212134455,"Edu Cavalcante",1
"Séries",1212127694,"Filipe Figueiredo",1
"Séries",1212126249,"Fê Castanhari",1
"Séries",1212122317,"Gaveta",1
"Séries",1212142392,"Giovanni Dud3",1
"Séries",1212142811,"Henrique Coronati",1
"Séries",1212141847,"Ian SBF",1
"Séries",1212142810,"Julio Trajano Rodrigues",1
"Séries",5034,"Jurandir Filho",1
"Séries",1212141891,"Leandro Leite Soares",1
"Séries",1212134456,"Malena",1
"Séries",1212142331,"Marcel Campos",1
"Séries",1212123033,"Marcelo Forlani",1
"Séries",1212130299,"Marina Val",1
"Séries",1212141723,"Mary Joe",1
"Séries",5035,"Maurício Saldanha",1
"Séries",1212139440,"Patrícia Mafra",1
"Séries",1212142602,"Pedro Pallotta",1
"Séries",1212141431,"Renan Pizii",1
"Séries",1212138688,"Rossana Modolin",1
"Séries",2003,"Sra. Jovem Nerd",1
"TV",1212130298,"Mau Faccio",48
"TV",1212143471,"Vitor Rossi",47
"TV",1212141723,"Mary Joe",37
"TV",1212139351,"Pri Ganiko",12
"TV",1212141954,"Camila Sousa",9
"TV",1212122462,"Carlos Voltor",8
"TV",1212141845,"Pedro Duarte",6
"TV",274,"Tucano",6
"TV",3508,"Guga Ferrari",4
"TV",3515,"JP",4
"TV",1212122846,"Jonny Ken",4
"TV",1212141330,"Tayná Garcia",4
"TV",3662,"Android",3
"TV",3244,"Bluehand",3
"TV",2595,"Eduardo Spohr",3
"TV",1212141859,"Gabriel Avila",3
"TV",313,"Cris Dias",2
"TV",1212141891,"Leandro Leite Soares",2
"TV",1212137936,"Marcelo Bassoli",2
"TV",1212131200,"Maurício Linhares",2
"TV",309,"Nick Ellis",2
"TV",1212122464,"Sr.K",2
"TV",3641,"Almôndega",1
"TV",1212123573,"Amigo Imaginário",1
"TV",1212129496,"Ana Arantes",1
"TV",1212123847,"André Souza",1
"TV",1212143191,"Arthur Eloi",1
"TV",1212141820,"Daniella Freixo de Faria",1
"TV",1212144226,"Doug Lira",1
"TV",1212142928,"Edgar Loja Quebra Galho",1
"TV",1212122799,"Fabio Yabu",1
"TV",1212142927,"Flavia Marcon",1
"TV",1212126189,"Flávio Augusto",1
"TV",1212124836,"Guga Mafra",1
"TV",1212144184,"Guilherme Baldi",1
"TV",1212142811,"Henrique Coronati",1
"TV",1212142810,"Julio Trajano Rodrigues",1
"TV",1212140265,"Katiucha Barcelos",1
"TV",1212122952,"Leo Lopes",1
"TV",1212144630,"Leonardo Amaral",1
"TV",1212142331,"Marcel Campos",1
"TV",4877,"Marco Gomes",1
"TV",1212141781,"Mario Souto",1
"TV",1212142611,"Michel Naslavsky",1
"TV",1212130385,"Paulo Silveira",1
"TV",1212142602,"Pedro Pallotta",1
"TV",1212142827,"Pedro Siqueira",1
"TV",2002,"Portuguesa",1
"TV",1212144269,"Rafael Pimenta",1
"TV",1212141282,"Ricardo di Lazzaro Filho",1
"TV",2003,"Sra. Jovem Nerd",1
"TV",1212142893,"Yaso",1
"Tecnologia",1212130385,"Paulo Silveira",75
"Tecnologia",1212131200,"Maurício Linhares",64
"Tecnologia",1212137166,"Roberta Arcoverde",31
"Tecnologia",1212141781,"Mario Souto",14
"Tecnologia",1212130386,"Sérgio Lopes",14
"Tecnologia",1212122862,"Atila",11
"Tecnologia",3244,"Bluehand",10
"Tecnologia",1212137796,"André Breves",9
"Tecnologia",1212123564,"Caio Gomes",9
"Tecnologia",1212133869,"Guilherme Silveira",7
"Tecnologia",4877,"Marco Gomes",7
"Tecnologia",309,"Nick Ellis",7
"Tecnologia",1212122846,"Jonny Ken",6
"Tecnologia",1212123847,"André Souza",5
"Tecnologia",1212141891,"Leandro Leite Soares",5
"Tecnologia",1212122463,"Cardoso",4
"Tecnologia",313,"Cris Dias",3
"Tecnologia",1212140606,"Mila Laranjeira",3
"Tecnologia",1212123579,"Bia Kunze",2
"Tecnologia",2595,"Eduardo Spohr",2
"Tecnologia",1212142331,"Marcel Campos",2
"Tecnologia",1212139351,"Pri Ganiko",2
"Tecnologia",1212141330,"Tayná Garcia",2
"Tecnologia",274,"Tucano",2
"Tecnologia",1212124682,"Vinícius K-Max",2
"Tecnologia",1212139782,"Yasodara Córdova",2
"Tecnologia",1212126386,"Alek",1
"Tecnologia",1212138289,"Aline Carvalho",1
"Tecnologia",1212141391,"André Fatala",1
"Tecnologia",1212141278,"Bruno Gouveia",1
"Tecnologia",1212129333,"Camila Laranjeira",1
"Tecnologia",1212141954,"Camila Sousa",1
"Tecnologia",1212138353,"Carlos Candido",1
"Tecnologia",3325,"Carlos Merigo",1
"Tecnologia",1212141597,"Diego Kerber",1
"Tecnologia",1212143892,"Dr. Wagner Sanchez",1
"Tecnologia",1212142928,"Edgar Loja Quebra Galho",1
"Tecnologia",1212140667,"Edu Giansante",1
"Tecnologia",1212131199,"Fabrizio Carraro",1
"Tecnologia",1212140666,"Fabrício Carraro",1
"Tecnologia",1212142450,"Fernando Bravo",1
"Tecnologia",1212135105,"Fernando Reule",1
"Tecnologia",1212140417,"Filipe Deschamps",1
"Tecnologia",1212142927,"Flavia Marcon",1
"Tecnologia",1212143255,"Flávia Beó",1
"Tecnologia",1212126189,"Flávio Augusto",1
"Tecnologia",1212122317,"Gaveta",1
"Tecnologia",1212143079,"Getúlio Santos",1
"Tecnologia",1212124836,"Guga Mafra",1
"Tecnologia",1212137167,"Guilherme Camillo",1
"Tecnologia",1212138174,"Guilherme Novaes",1
"Tecnologia",1212141598,"Gustavo Ferrarezi",1
"Tecnologia",1212142811,"Henrique Coronati",1
"Tecnologia",1212140979,"Igor Santos",1
"Tecnologia",1212142810,"Julio Trajano Rodrigues",1
"Tecnologia",5034,"Jurandir Filho",1
"Tecnologia",1212142449,"Leandro Castanheira",1
"Tecnologia",1212122952,"Leo Lopes",1
"Tecnologia",1212143709,"Leonardo Balter",1
"Tecnologia",1212136677,"Loic",1
"Tecnologia",1212138348,"Luciano Reis",1
"Tecnologia",1212138352,"Luisnei Martini",1
"Tecnologia",1212144523,"Marcio Lena",1
"Tecnologia",1212142177,"Maristela Mendonça",1
"Tecnologia",1212138351,"Mau Maker",1
"Tecnologia",1212142902,"Maurício Duboc",1
"Tecnologia",1212142611,"Michel Naslavsky",1
"Tecnologia",1212143254,"Murilo Zanini de Carvalho",1
"Tecnologia",1212142033,"Nicolas Borsoi",1
"Tecnologia",1212141689,"Otto Heringer",1
"Tecnologia",1212141596,"Patife",1
"Tecnologia",1212142217,"Pedro Alvim",1
"Tecnologia",1212141845,"Pedro Duarte",1
"Tecnologia",1212142602,"Pedro Pallotta",1
"Tecnologia",1212139590,"Pedro Paulo Silveira",1
"Tecnologia",1212143893,"Rafaella Ballerini",1
"Tecnologia",1212143080,"Renato Rampazzo",1
"Tecnologia",1212140486,"Renoir dos Reis",1
"Tecnologia",1212138349,"Ricardo Cappra",1
"Tecnologia",1212141282,"Ricardo di Lazzaro Filho",1
"Tecnologia",1212138350,"Rita Wuu",1
"Tecnologia",1212141243,"Rodrigo Dantas",1
"Tecnologia",1212122464,"Sr.K",1
"Tecnologia",1212138354,"Sylvia Anjos",1
"Tecnologia",1212141392,"Talita Paschoini",1
"Tecnologia",1212142901,"Teo Scussel",1
"Tecnologia",1212139553,"Thiago Bisewski",1
"Tecnologia",1212141081,"Vitor Pamplona",1
"Tecnologia",1212140607,"Vivi",1
"Tecnologia",1212143891,"Winna Zansavio",1
"Tecnologia",1212142893,"Yaso",1
"Teoria da Conspiração",3244,"Bluehand",6
"Teoria da Conspiração",274,"Tucano",5
"Teoria da Conspiração",1212122465,"Afonso 3d",4
"Teoria da Conspiração",2595,"Eduardo Spohr",3
"Teoria da Conspiração",1212141954,"Camila Sousa",2
"Teoria da Conspiração",1212127694,"Filipe Figueiredo",1
"Teoria da Conspiração",3515,"JP",1
"Teoria da Conspiração",1212142331,"Marcel Campos",1
"Teoria da Conspiração",4877,"Marco Gomes",1
"Teoria da Conspiração",1212131200,"Maurício Linhares",1
"Teoria da Conspiração",1212141845,"Pedro Duarte",1
"Teoria da Conspiração",1212142602,"Pedro Pallotta",1
"Teoria da Conspiração",1212139351,"Pri Ganiko",1
"Teoria da Conspiração",1212141330,"Tayná Garcia",1
"Teoria da Conspiração",1212142893,"Yaso",1
"Terror",3244,"Bluehand",2
"Terror",1212122462,"Carlos Voltor",2
"Terror",1212141924,"Alan Dubox",1
"Terror",1212141954,"Camila Sousa",1
"Terror",1212140052,"Cesar Gaglioni",1
"Terror",3448,"Dubox",1
"Terror",3515,"JP",1
"Terror",1212138671,"Lyna",1
"Terror",1212130298,"Mau Faccio",1
"Terror",1212140172,"Max Valarezo",1
"Terror",1212141293,"PH Santos",1
"Terror",2002,"Portuguesa",1
"Terror",1212139351,"Pri Ganiko",1
"Terror",1212142073,"Rafael Quina",1
"Terror",2003,"Sra. Jovem Nerd",1
"Terror",1212141330,"Tayná Garcia",1
"Terror",274,"Tucano",1
"Trabalho",1212141891,"Leandro Leite Soares",11
"Trabalho",4877,"Marco Gomes",5
"Trabalho",1212131200,"Maurício Linhares",5
"Trabalho",1212130385,"Paulo Silveira",4
"Trabalho",1212122464,"Sr.K",4
"Trabalho",1212137166,"Roberta Arcoverde",3
"Trabalho",1212135105,"Fernando Reule",2
"Trabalho",1212126189,"Flávio Augusto",2
"Trabalho",1212124836,"Guga Mafra",2
"Trabalho",1212141781,"Mario Souto",2
"Trabalho",1212141845,"Pedro Duarte",2
"Trabalho",274,"Tucano",2
"Trabalho",1212141924,"Alan Dubox",1
"Trabalho",1212142302,"Ana Carina",1
"Trabalho",1212142066,"Andre Racz",1
"Trabalho",1212142065,"André Gomes",1
"Trabalho",1212138903,"Bernardo Warman",1
"Trabalho",1212123564,"Caio Gomes",1
"Trabalho",1212141954,"Camila Sousa",1
"Trabalho",1212141105,"Delcio Gomes",1
"Trabalho",1212142928,"Edgar Loja Quebra Galho",1
"Trabalho",1212140667,"Edu Giansante",1
"Trabalho",2595,"Eduardo Spohr",1
"Trabalho",1212140666,"Fabrício Carraro",1
"Trabalho",1212142137,"Fabrício Garcia",1
"Trabalho",1212142450,"Fernando Bravo",1
"Trabalho",1212142927,"Flavia Marcon",1
"Trabalho",1212137167,"Guilherme Camillo",1
"Trabalho",1212142811,"Henrique Coronati",1
"Trabalho",1212141996,"Isabel Cristina Santos Ferreira",1
"Trabalho",3515,"JP",1
"Trabalho",1212142091,"Jairo Rosenhek",1
"Trabalho",1212142810,"Julio Trajano Rodrigues",1
"Trabalho",1212142449,"Leandro Castanheira",1
"Trabalho",1212138901,"Leandro Ibraim",1
"Trabalho",1212142463,"Lua",1
"Trabalho",1212142331,"Marcel Campos",1
"Trabalho",1212125950,"Marcela Versiani",1
"Trabalho",1212142177,"Maristela Mendonça",1
"Trabalho",1212141723,"Mary Joe",1
"Trabalho",1212142055,"Maurici Pinto Oliveira",1
"Trabalho",1212142902,"Maurício Duboc",1
"Trabalho",1212142033,"Nicolas Borsoi",1
"Trabalho",1212139440,"Patrícia Mafra",1
"Trabalho",1212142217,"Pedro Alvim",1
"Trabalho",1212142602,"Pedro Pallotta",1
"Trabalho",1212139590,"Pedro Paulo Silveira",1
"Trabalho",1212141987,"Peter",1
"Trabalho",1212139351,"Pri Ganiko",1
"Trabalho",1212123226,"Rex",1
"Trabalho",1212138902,"Ricardo Biriba",1
"Trabalho",1212141997,"Rodrigo Antonio Bós Vidal",1
"Trabalho",1212123647,"Rogério Bonfim",1
"Trabalho",1212138688,"Rossana Modolin",1
"Trabalho",1212142303,"Silvia Andrade Machado",1
"Trabalho",2003,"Sra. Jovem Nerd",1
"Trabalho",1212142901,"Teo Scussel",1
"Trabalho",1212142376,"Tonico",1
"Trabalho",1212142607,"Viviane Bellini",1
"Trabalho",1212142893,"Yaso",1
"Viagens",2002,"Portuguesa",12
"Viagens",1212122464,"Sr.K",10
"Viagens",1212124836,"Guga Mafra",7
"Viagens",274,"Tucano",5
"Viagens",2003,"Sra. Jovem Nerd",4
"Viagens",1212141845,"Pedro Duarte",3
"Viagens",1212139351,"Pri Ganiko",3
"Viagens",3641,"Almôndega",2
"Viagens",1212123847,"André Souza",2
"Viagens",1212141954,"Camila Sousa",2
"Viagens",1212137030,"Carlinhos Troll",2
"Viagens",1212126308,"David Preti",2
"Viagens",2595,"Eduardo Spohr",2
"Viagens",1212141330,"Tayná Garcia",2
"Viagens",1212141924,"Alan Dubox",1
"Viagens",1212123573,"Amigo Imaginário",1
"Viagens",1212141887,"Azaghal",1
"Viagens",1212126483,"Barbara Russell",1
"Viagens",3244,"Bluehand",1
"Viagens",1212140959,"Camilota",1
"Viagens",3448,"Dubox",1
"Viagens",1212142928,"Edgar Loja Quebra Galho",1
"Viagens",1212139552,"Emilio Dantas",1
"Viagens",1212135105,"Fernando Reule",1
"Viagens",1212142927,"Flavia Marcon",1
"Viagens",1212126189,"Flávio Augusto",1
"Viagens",1212126568,"Gui Leite",1
"Viagens",3515,"JP",1
"Viagens",1212142053,"Jovem Nerd",1
"Viagens",1212144744,"Julia Naara Bachmann",1
"Viagens",1212141891,"Leandro Leite Soares",1
"Viagens",1212127968,"Leon Martins",1
"Viagens",1212138256,"Lierson Mattenhauer",1
"Viagens",1212142463,"Lua",1
"Viagens",1212142331,"Marcel Campos",1
"Viagens",1212141781,"Mario Souto",1
"Viagens",1212141723,"Mary Joe",1
"Viagens",1212126369,"Mauricio Cid",1
"Viagens",1212142902,"Maurício Duboc",1
"Viagens",1212131200,"Maurício Linhares",1
"Viagens",1212142033,"Nicolas Borsoi",1
"Viagens",1212127967,"Nilce Moretto",1
"Viagens",1212130385,"Paulo Silveira",1
"Viagens",1212142602,"Pedro Pallotta",1
"Viagens",1212139590,"Pedro Paulo Silveira",1
"Viagens",1212141987,"Peter",1
"Viagens",1212144743,"Rafa Maciel",1
"Viagens",1212134651,"Renata Primavera",1
"Viagens",1212137415,"Talita Ribeiro",1
"Viagens",1212142901,"Teo Scussel",1
"Viagens",1212141331,"Thiago Romariz",1